{
  "dependencies": [
    {
      "version": "1.0.1",
      "assetId": "training-american-flight-data-type",
      "groupId": "68ef9520-24e9-4cf2-b2f5-620025690913",
      "provided": false
    },
    {
      "version": "1.0.1",
      "assetId": "training-american-flights-example",
      "groupId": "68ef9520-24e9-4cf2-b2f5-620025690913",
      "provided": false
    }
  ],
  "version": "1.0.1",
  "descriptorVersion": "1.0.0",
  "classifier": "raml",
  "main": "american-flights-api.raml",
  "assetId": "american-flights-api",
  "groupId": "7875a860-28b4-461a-9bee-0bf23e0c4002",
  "name": "American Flights API",
  "organizationId": "7875a860-28b4-461a-9bee-0bf23e0c4002",
  "apiVersion": "v1",
  "tags": [],
  "originalFormatVersion": "1.0"
}